,date,open,high,low,close,volume,chg_pct,inst_sum,inst_ext,retail,foreign,per,pbr,div
0,2023-08-30,188600,189300,187800,187800,331121,0.5891805034815212,-1520252400.0,50623200.0,-11291118700.0,12760747900.0,6.58,0.6,3.73
1,2023-08-31,187800,189100,186200,189100,590270,0.6922257720979765,1014240300.0,39241300.0,-3241058900.0,2187577300.0,6.63,0.6,3.7
2,2023-09-01,188000,188900,186700,187400,281460,-0.8989952406134322,-4909343800.0,-526578000.0,8636333700.0,-3200411900.0,6.57,0.59,3.74
3,2023-09-04,186400,187400,185600,187300,307475,-0.05336179295624333,-15271279500.0,-786667400.0,9853112000.0,6204834900.0,6.57,0.59,3.74
4,2023-09-05,186500,186900,185600,186600,290618,-0.37373198077949815,-7914017800.0,-1613355300.0,9422193400.0,105179700.0,6.54,0.59,3.75
5,2023-09-06,186000,188300,186000,186700,259552,0.05359056806002144,-10369798400.0,31016800.0,-2794598000.0,13133379600.0,6.55,0.59,3.75
6,2023-09-07,185500,187200,185400,187200,299030,0.2678093197643278,-6973673500.0,-449362300.0,-4933840600.0,12356876400.0,6.56,0.59,3.74
7,2023-09-08,187500,187500,185200,185700,192047,-0.8012820512820512,533880700.0,85621400.0,5586417700.0,-6205919800.0,6.51,0.59,3.77
8,2023-09-11,185700,186300,184400,185500,195283,-0.10770059235325795,506985400.0,62929800.0,-1636725400.0,1066810200.0,6.5,0.59,3.77
9,2023-09-12,186500,188400,185600,186200,273908,0.37735849056603776,-799553600.0,85065500.0,-8269439600.0,8983927700.0,6.53,0.59,3.76
10,2023-09-13,187300,190700,187200,189800,579550,1.933404940923738,10110897500.0,458035400.0,-33214630100.0,22645697200.0,6.65,0.6,3.69
11,2023-09-14,191200,191200,188600,190700,627998,0.4741833508956797,53408400700.0,-139214200.0,-7968215900.0,-45300970600.0,6.69,0.61,3.67
12,2023-09-15,190700,192700,189100,192200,526604,0.7865757734661771,24452171500.0,-225084200.0,-26688757800.0,2461670500.0,6.74,0.61,3.64
13,2023-09-18,191200,192200,190200,191000,289943,-0.6243496357960457,-3471072900.0,12670800.0,-4759572100.0,8217974200.0,6.7,0.61,3.66
14,2023-09-19,191500,193200,190000,190000,289352,-0.5235602094240838,-7859254100.0,-104295500.0,-1300395700.0,9263945300.0,6.66,0.6,3.68
15,2023-09-20,190600,196000,190000,194900,636780,2.5789473684210527,16176672700.0,722976800.0,-63443842500.0,46544193000.0,6.83,0.62,3.59
16,2023-09-21,194400,194500,191600,191900,327599,-1.539250897896357,-10745400600.0,-3242640700.0,3196565500.0,10791475800.0,6.73,0.61,3.65
17,2023-09-22,189600,192400,189200,191500,326229,-0.20844189682126105,312179900.0,388867600.0,-2702114100.0,2001066600.0,6.71,0.61,3.66
18,2023-09-25,191700,193500,189600,192900,346374,0.7310704960835509,13858308500.0,-44959000.0,-16091779000.0,2278429500.0,6.76,0.61,3.63
19,2023-09-26,191600,192900,189900,190700,302642,-1.1404872991187145,-6236650100.0,-109266700.0,3664715100.0,2681201700.0,6.69,0.61,3.67
20,2023-09-27,189200,192400,189000,191100,367983,0.2097535395909806,-10124087000.0,-230948500.0,-6897142700.0,17252178200.0,6.7,0.61,3.66
21,2023-10-04,188000,193200,187100,190800,641075,-0.15698587127158556,5395234700.0,-1238111800.0,-9347520100.0,5190397200.0,6.69,0.61,3.67
22,2023-10-05,190900,192200,189500,190500,396264,-0.15723270440251574,7162526600.0,565268600.0,-628872300.0,-7098922900.0,6.68,0.6,3.67
23,2023-10-06,191000,192600,189600,192200,345787,0.8923884514435696,13154015100.0,-1103754800.0,-12121875500.0,71615200.0,6.74,0.61,3.64
24,2023-10-10,192700,192800,187700,188400,575373,-1.9771071800208115,15173662000.0,-1286710000.0,27347150600.0,-41234102600.0,6.61,0.6,3.72
25,2023-10-11,189000,191400,189000,189400,490998,0.5307855626326964,11058249500.0,-2897900100.0,-8948483000.0,788133600.0,6.64,0.6,3.7
26,2023-10-12,189600,189800,187700,188000,451893,-0.7391763463569165,-15147977600.0,-359064500.0,18739748100.0,-3232706000.0,6.59,0.6,3.72
27,2023-10-13,187500,188400,187100,187100,254250,-0.4787234042553191,-10765827000.0,-523570600.0,8269204600.0,3020193000.0,6.56,0.59,3.74
28,2023-10-16,186900,188300,186500,186800,291429,-0.16034206306787815,4631141100.0,65352600.0,-5542806000.0,846312300.0,6.55,0.59,3.75
29,2023-10-17,188300,189300,187100,188500,423633,0.9100642398286938,-2576627100.0,-39657600.0,-15642547300.0,18258832000.0,6.61,0.6,3.71
30,2023-10-18,190400,193000,189500,191800,532948,1.750663129973475,5034633000.0,-144086000.0,-36065802900.0,31175255900.0,6.72,0.61,3.65
31,2023-10-19,189900,190800,188800,188900,408555,-1.5119916579770596,12148369500.0,-1740390800.0,3406285900.0,-13814264600.0,6.62,0.6,3.71
32,2023-10-20,187800,188600,183500,183500,602367,-2.8586553732133404,-720225900.0,149881100.0,37329037300.0,-36758692500.0,6.43,0.58,3.81
33,2023-10-23,184200,186100,183800,185400,286602,1.0354223433242506,7789452700.0,-376775900.0,-6763860700.0,-648816100.0,6.5,0.59,3.78
34,2023-10-24,186900,187000,181400,182800,418638,-1.4023732470334414,1672450000.0,-119765900.0,22326087700.0,-23878771800.0,6.41,0.58,3.83
35,2023-10-25,182700,183700,182000,182000,374888,-0.437636761487965,5587987800.0,-357812000.0,8980402500.0,-14210578300.0,6.38,0.58,3.85
36,2023-10-26,180300,182500,178500,179500,651245,-1.3736263736263736,2959992500.0,-1151481900.0,10776082900.0,-12584593500.0,6.29,0.57,3.9
37,2023-10-27,181200,182900,174600,175600,787539,-2.1727019498607243,-8512715600.0,1026897500.0,43402247400.0,-35916429300.0,6.16,0.56,3.99
38,2023-10-30,175000,176300,171400,172500,726773,-1.765375854214123,-955327600.0,645344600.0,35635054100.0,-35325071100.0,6.05,0.55,4.06
39,2023-10-31,174300,175900,169300,169700,697296,-1.6231884057971016,-320102900.0,318796000.0,20228486700.0,-20227179800.0,5.95,0.54,4.12
40,2023-11-01,170800,171500,169400,170300,450423,0.3535651149086624,8315762200.0,1114395700.0,4212238500.0,-13642396400.0,5.97,0.54,4.11
41,2023-11-02,172000,175100,171500,172000,661435,0.9982384028185555,12201085600.0,-134856300.0,1241511500.0,-13307740800.0,6.03,0.55,4.07
42,2023-11-03,175000,175400,172700,173400,431491,0.813953488372093,2699408500.0,6542100.0,4736886000.0,-7442836600.0,6.08,0.55,4.04
43,2023-11-06,175400,177900,174900,177900,661383,2.5951557093425603,-846550600.0,350036900.0,-555837600.0,1052351300.0,6.24,0.56,3.93
44,2023-11-07,177500,177500,174200,176100,532443,-1.0118043844856661,-15524557600.0,91116700.0,7151637300.0,8281803600.0,6.17,0.56,3.98
45,2023-11-08,177900,179000,174500,174800,395162,-0.7382169222032936,1696306000.0,54700.0,13837403300.0,-15533764000.0,6.13,0.55,4.0
46,2023-11-09,174700,175700,174200,174700,384071,-0.057208237986270026,-3191156700.0,-14531800.0,-891005400.0,4096693900.0,6.13,0.55,4.01
47,2023-11-10,173800,175300,173500,173700,255065,-0.5724098454493417,-3895108600.0,-37355400.0,5044460700.0,-1111996700.0,6.09,0.55,4.03
48,2023-11-13,175000,175000,172800,173300,348523,-0.2302820955670697,10847520200.0,1134000400.0,5897238900.0,-17878759500.0,6.08,0.55,4.04
49,2023-11-14,174900,175900,173900,175200,329429,1.0963646855164455,16093852400.0,169974700.0,-6307264300.0,-9956562800.0,6.14,0.56,4.0
50,2023-11-15,178700,182600,178600,182500,806741,4.166666666666666,35813200800.0,-793004400.0,-57842615800.0,22822419400.0,6.4,0.58,3.84
51,2023-11-16,182500,186400,181800,184800,432174,1.2602739726027399,-112987700.0,450772400.0,-8858473900.0,8520689200.0,6.48,0.59,3.79
52,2023-11-17,185900,185900,183500,184400,259919,-0.21645021645021645,-6219705100.0,-775102600.0,2925463600.0,4069344100.0,6.47,0.59,3.8
53,2023-11-20,184400,184900,182100,183600,277906,-0.43383947939262474,-987605400.0,-241394600.0,7835008000.0,-6606008000.0,6.44,0.58,3.81
54,2023-11-21,184700,184800,183500,184200,252833,0.32679738562091504,-1132631600.0,307198100.0,-243636700.0,1069070200.0,6.46,0.58,3.8
55,2023-11-22,182300,183400,181200,183000,219027,-0.6514657980456027,-6443699600.0,155661900.0,5597671800.0,690365900.0,6.42,0.58,3.83
56,2023-11-23,183600,185000,182400,184800,240354,0.9836065573770493,1683966400.0,52016100.0,-8521548300.0,6785565800.0,6.48,0.59,3.79
57,2023-11-24,184600,185600,183900,184000,161656,-0.4329004329004329,3526737000.0,-60005500.0,-772458600.0,-2694272900.0,6.45,0.58,3.8
58,2023-11-27,184000,185700,184000,184900,188306,0.48913043478260876,3907031100.0,-560871400.0,-7294054000.0,3947894300.0,6.48,0.59,3.79
59,2023-11-28,185900,185900,183600,185700,269820,0.4326663061114116,5677155600.0,-306116700.0,-2345988300.0,-3025050600.0,6.51,0.59,3.77
60,2023-11-29,185700,186500,184700,184800,298485,-0.48465266558966075,-8173086300.0,-367717900.0,5011368300.0,3529435900.0,6.48,0.59,3.79
61,2023-11-30,184200,184900,182100,184300,574490,-0.27056277056277056,4716984900.0,1088300.0,9955637000.0,-14673710200.0,6.46,0.58,3.8
62,2023-12-01,183300,183800,181700,182800,304309,-0.8138903960933261,-8092788200.0,133476200.0,-1222383000.0,9181695000.0,6.41,0.58,3.83
63,2023-12-04,183900,184100,181600,181600,378913,-0.6564551422319475,-50732700.0,-196427900.0,8801812400.0,-8554651800.0,6.37,0.58,3.85
64,2023-12-05,181600,182000,180700,181400,275980,-0.11013215859030838,-9848423300.0,-404334100.0,1082185800.0,9170571600.0,6.36,0.58,3.86
65,2023-12-06,181100,183400,181100,182900,280528,0.8269018743109152,10667617200.0,-8500.0,-12170709600.0,1503100900.0,6.41,0.58,3.83
66,2023-12-07,181400,183300,181400,182600,296154,-0.16402405686167304,-4997573500.0,-144990800.0,-3419791900.0,8562356200.0,6.4,0.58,3.83
67,2023-12-08,183600,185700,183400,185100,327749,1.3691128148959473,13352016400.0,134839100.0,-28817645600.0,15330790100.0,6.49,0.59,3.78
68,2023-12-11,185400,185400,184000,185400,218073,0.1620745542949757,133795400.0,-420431300.0,-3555253400.0,3841889300.0,6.5,0.59,3.78
69,2023-12-12,185500,186400,185000,185600,332590,0.10787486515641855,17980629800.0,429432600.0,-14579485800.0,-3830576600.0,6.51,0.59,3.77
70,2023-12-13,185300,186200,184400,185000,287425,-0.3232758620689655,-1653359200.0,-176372500.0,-7694283600.0,9524015300.0,6.49,0.59,3.78
71,2023-12-14,187000,187100,184200,184800,760383,-0.10810810810810811,-9978668500.0,484847200.0,6057754400.0,3436066900.0,6.48,0.59,3.79
72,2023-12-15,185800,192800,185200,192800,1228522,4.329004329004329,18758571400.0,-468656500.0,-103025305700.0,84735390800.0,6.76,0.61,3.63
73,2023-12-18,192800,193000,190000,192000,482331,-0.4149377593360996,-6726579100.0,-252477700.0,5983758100.0,995298700.0,6.73,0.61,3.65
74,2023-12-19,191900,192900,190800,192200,272670,0.10416666666666667,6932643400.0,-695893200.0,-11268846800.0,5032096600.0,6.74,0.61,3.64
75,2023-12-20,192700,199700,192600,199100,961888,3.5900104058272633,56824737700.0,-903042600.0,-93692215700.0,37770520600.0,6.98,0.63,3.52
76,2023-12-21,197500,202000,197100,198700,545031,-0.20090406830738325,4639666100.0,281352700.0,6600251900.0,-11521270700.0,6.97,0.63,3.52
77,2023-12-22,200000,200500,198500,199000,347866,0.1509813789632612,16529792200.0,-555726900.0,-671598600.0,-15302466700.0,6.98,0.63,3.52
78,2023-12-26,200500,200500,197700,198800,409928,-0.10050251256281408,21940751700.0,-682144100.0,-18697957400.0,-2560650200.0,6.97,0.63,3.52
79,2023-12-27,198700,199300,197200,198500,331186,-0.15090543259557343,7837493000.0,-583955500.0,-5620626100.0,-1632911400.0,6.96,0.63,3.53
80,2023-12-28,198800,203500,198400,203500,766503,2.518891687657431,54418585400.0,-2800297700.0,-76928786100.0,25310498400.0,7.14,0.65,3.44
81,2024-01-02,202000,202500,199800,200500,373050,-1.4742014742014742,239289900.0,49225800.0,171281100.0,-459796800.0,7.03,0.64,3.49
82,2024-01-03,199100,199500,193800,193800,548675,-3.3416458852867827,-25038672700.0,-896034600.0,24650340300.0,1284367000.0,6.79,0.61,3.61
83,2024-01-04,192000,192800,189100,190000,505979,-1.9607843137254901,-44280457800.0,1011650900.0,34728505200.0,8540301700.0,6.66,0.6,3.68
84,2024-01-05,190100,190500,187200,187300,440219,-1.4210526315789473,-19998338100.0,811859900.0,34713996000.0,-15527517800.0,6.57,0.59,3.74
85,2024-01-08,187600,188900,185500,185700,323498,-0.8542445274959957,-10051091000.0,1229898700.0,20783303400.0,-11962111100.0,6.51,0.59,3.77
86,2024-01-09,187800,187800,185500,185600,349068,-0.053850296176628974,-5364120500.0,-601287700.0,18925748600.0,-12960340400.0,6.51,0.59,3.77
87,2024-01-10,185600,187300,185200,186700,330767,0.5926724137931034,1802472400.0,-46496900.0,9105459300.0,-10861434800.0,6.55,0.59,3.75
88,2024-01-11,187200,189000,187000,187000,538799,0.16068559185859668,-22318979200.0,479457900.0,3665368600.0,18174152700.0,6.56,0.59,3.74
89,2024-01-12,186600,187400,185800,186000,240690,-0.53475935828877,-2840561900.0,-283438200.0,8321375000.0,-5197374900.0,6.52,0.59,3.76
90,2024-01-15,186000,188600,185800,187500,251099,0.8064516129032258,6240414200.0,-308067300.0,-3561944000.0,-2370402900.0,6.57,0.59,3.73
91,2024-01-16,186600,188100,185700,186200,225780,-0.6933333333333334,-13545136600.0,218543700.0,9605912700.0,3720680200.0,6.53,0.59,3.76
92,2024-01-17,186300,186400,181000,181800,481127,-2.3630504833512354,-4706187400.0,526614600.0,19092852100.0,-14913279300.0,6.37,0.58,3.85
93,2024-01-18,180000,182500,179900,180200,433597,-0.88008800880088,-3869122100.0,128778000.0,12805147900.0,-9064803800.0,6.32,0.57,3.88
94,2024-01-19,183000,183000,180100,181700,288166,0.8324084350721421,-7985462000.0,-274000.0,9297601300.0,-1311865300.0,6.37,0.58,3.85
95,2024-01-22,182300,182400,179800,180100,391914,-0.8805723720418271,-569965100.0,1649837300.0,7420196600.0,-8500068800.0,6.31,0.57,3.89
96,2024-01-23,181200,184800,180900,184800,376671,2.6096612992781787,4690641200.0,-1225721000.0,-16650820700.0,13185900500.0,6.48,0.59,3.79
97,2024-01-24,185300,185400,182100,185000,345726,0.10822510822510822,10319382700.0,-429231000.0,-1831817700.0,-8058334000.0,6.49,0.59,3.78
98,2024-01-25,184400,190500,183500,188700,778658,2.0,33458633000.0,-925754100.0,-44415334100.0,11882455200.0,6.62,0.6,3.71
99,2024-01-26,189300,189600,186500,187300,468376,-0.7419183889772125,-6279428400.0,482551900.0,21481705800.0,-15684829300.0,6.57,0.59,3.74
100,2024-01-29,187300,197300,186600,195600,1199045,4.431393486385478,29855133300.0,-1614851400.0,-76581039700.0,48340757800.0,6.86,0.62,3.58
101,2024-01-30,196000,196600,189300,190000,955999,-2.8629856850715747,5750019100.0,1332077800.0,35178897500.0,-42260994400.0,6.66,0.6,3.68
102,2024-01-31,189300,195400,188500,194600,1053355,2.4210526315789473,56782345500.0,-178768600.0,-33587577000.0,-23015999900.0,6.82,0.62,3.6
103,2024-02-01,193900,209000,193500,208000,2855056,6.885919835560124,105248691900.0,-2569704700.0,-268094665300.0,165415678100.0,7.29,0.66,3.37
104,2024-02-02,221500,228000,214000,227000,5844398,9.134615384615383,41400278500.0,-8437894000.0,-586138165500.0,553175781000.0,7.96,0.72,3.08
105,2024-02-05,233500,239500,226000,238000,5742710,4.845814977973569,106584291000.0,3727965000.0,-300266970500.0,189954714500.0,8.34,0.76,2.94
106,2024-02-06,234000,240000,230500,235500,3293825,-1.050420168067227,7849537000.0,1249339500.0,-98744947000.0,89646070500.0,8.26,0.75,2.97
107,2024-02-07,239000,246500,238000,245000,2711612,4.033970276008493,37931007000.0,-1513612000.0,-154037901500.0,117620506500.0,8.59,0.78,2.86
108,2024-02-08,243000,250500,241500,250000,3017429,2.0408163265306123,114819492500.0,-6336083500.0,-237865159000.0,129381750000.0,8.77,0.79,2.8
109,2024-02-13,251000,261000,247500,249000,2690468,-0.4,-28108263500.0,50792500.0,-124745206000.0,152802677000.0,8.73,0.79,2.81
110,2024-02-14,245000,251000,244500,245500,1702299,-1.4056224899598393,-11043568500.0,-3043883000.0,-43286974500.0,57374426000.0,8.61,0.78,2.85
111,2024-02-15,250000,250500,237000,240000,2103428,-2.240325865580448,14186113000.0,-1697805000.0,-78549503500.0,66061195500.0,8.41,0.76,2.92
112,2024-02-16,241500,253000,235500,252500,2261790,5.208333333333334,21103951000.0,17382000.0,-44441989000.0,23320656000.0,8.85,0.8,2.77
113,2024-02-19,253500,257000,248500,252500,1801441,0.0,42390048000.0,1524190500.0,-26308485000.0,-17605753500.0,8.85,0.8,2.77
114,2024-02-20,250000,253000,238500,242000,1944653,-4.158415841584159,-22253631500.0,3156688500.0,37015110000.0,-17918167000.0,8.48,0.77,2.89
115,2024-02-21,242000,246000,237500,239500,1149137,-1.0330578512396695,-9220062500.0,-1346820500.0,-12896789500.0,23463672500.0,8.4,0.76,2.92
116,2024-02-22,239000,245500,237500,243500,1475580,1.6701461377870561,16160491500.0,1278463500.0,-48323381000.0,30884426000.0,8.54,0.77,2.87
117,2024-02-23,244000,249500,242000,244000,1660625,0.20533880903490762,7829262000.0,858295000.0,-19624313000.0,10936756000.0,8.56,0.77,2.87
118,2024-02-26,237500,241000,231500,239000,1751340,-2.0491803278688523,-7878894000.0,-3105349500.0,-19114722000.0,30098965500.0,8.38,0.76,2.93
119,2024-02-27,239000,244500,237500,238500,1265434,-0.20920502092050208,28504779000.0,118240000.0,-56154916000.0,27531897000.0,8.36,0.76,2.94
120,2024-02-28,234000,250000,231500,248000,1911431,3.9832285115303985,43230892500.0,-3738226500.0,-82001081000.0,42508415000.0,8.7,0.79,2.82
121,2024-02-29,246500,253500,243500,250500,2056620,1.0080645161290323,27993745000.0,391110000.0,-49922168000.0,21537313000.0,8.78,0.79,2.79
122,2024-03-04,255500,260000,253000,255500,1854280,1.996007984031936,5134289500.0,-1006621000.0,-114285531500.0,110157863000.0,8.96,0.81,2.74
123,2024-03-05,251500,254500,247500,249000,1436614,-2.5440313111545985,-9643184000.0,232084500.0,5368569500.0,4042530000.0,8.73,0.79,2.81
124,2024-03-06,247000,254000,246000,251000,1103072,0.8032128514056224,-7633719000.0,-2903992000.0,-19349213000.0,29886924000.0,8.8,0.8,2.79
125,2024-03-07,252500,258000,247500,250000,988457,-0.398406374501992,-11095097500.0,-715763000.0,-32606036500.0,44416897000.0,8.77,0.79,2.8
126,2024-03-08,251500,255000,249500,253000,1210240,1.2,13889422500.0,4583675000.0,-59021929000.0,40548831500.0,8.87,0.8,2.77
127,2024-03-11,251000,252500,242000,243500,1178615,-3.7549407114624502,-34122048500.0,-336806500.0,27252636500.0,7206218500.0,8.54,0.77,2.87
128,2024-03-12,244000,247000,240000,241500,1096802,-0.8213552361396305,-27570662000.0,-536701500.0,7553233000.0,20554130500.0,8.47,0.77,2.9
129,2024-03-13,243500,250000,241000,248500,1413782,2.898550724637681,-29777004000.0,629935000.0,-47287768500.0,76434837500.0,8.71,0.79,2.82
130,2024-03-14,248000,255000,246000,251500,1574794,1.2072434607645874,8479838500.0,4328884000.0,-54190692500.0,41381970000.0,8.82,0.8,2.78
131,2024-03-15,250000,254500,243500,243500,1175933,-3.180914512922465,-2796775000.0,-1449290500.0,9713064000.0,-5466998500.0,8.54,0.77,2.87
132,2024-03-18,244000,247500,241000,242500,723835,-0.41067761806981523,-26577523000.0,1821300500.0,637705000.0,24118517500.0,8.5,0.77,2.89
133,2024-03-19,241000,244000,236000,237500,944727,-2.0618556701030926,-47059251500.0,-265530500.0,12628811000.0,34695971000.0,8.33,0.75,2.95
134,2024-03-20,240000,246000,237500,241000,1230314,1.4736842105263157,-13903849500.0,9229460500.0,-32927777000.0,37602166000.0,8.45,0.76,2.9
135,2024-03-21,247000,254000,246000,252000,1578378,4.564315352697095,29473680500.0,9303965000.0,-152555423500.0,113777778000.0,8.84,0.8,2.78
136,2024-03-22,252500,254000,241000,243500,1091572,-3.373015873015873,-26886633500.0,681913000.0,63022590000.0,-36817869500.0,8.54,0.77,2.87
137,2024-03-25,244000,245500,239500,239500,784822,-1.642710472279261,-13205575500.0,-244004000.0,39361955500.0,-25912376000.0,8.4,0.76,2.92
138,2024-03-26,239000,244000,238500,240500,802094,0.41753653444676403,10529452000.0,-1123155000.0,-13291821000.0,3885524000.0,8.43,0.76,2.91
139,2024-03-27,241000,247500,240500,244000,818180,1.4553014553014554,18853645500.0,-4251581500.0,-54655282500.0,40053218500.0,8.56,0.77,2.87
140,2024-03-28,246000,246000,236000,237000,1050347,-2.8688524590163933,-35448793500.0,-9592271500.0,101478163000.0,-56437098000.0,8.31,0.75,2.95
141,2024-03-29,238000,239000,232000,233000,852346,-1.6877637130801686,-41765068500.0,-443110500.0,34572813000.0,7635366000.0,8.17,0.74,3.0
142,2024-04-01,234500,235000,227000,227500,898781,-2.3605150214592276,-24507233500.0,-709706000.0,22800830500.0,2416109000.0,7.98,0.72,3.08
143,2024-04-02,225000,226500,216500,220000,1802613,-3.296703296703297,-5874326500.0,-1191646000.0,23639594000.0,-16573621500.0,7.71,0.7,3.18
144,2024-04-03,219000,223500,214500,216000,1138600,-1.8181818181818181,-23743387000.0,44949000.0,25773136000.0,-2074698000.0,7.57,0.69,3.24
145,2024-04-04,218500,228500,216500,226000,1357330,4.62962962962963,37390120500.0,2007066500.0,-46379483000.0,6982296000.0,7.92,0.72,3.1
146,2024-04-05,223500,230000,223000,225500,1121453,-0.22123893805309736,-16963754000.0,-4530204000.0,-19495673000.0,40989631000.0,7.91,0.72,3.1
147,2024-04-08,227000,238000,226000,232500,1245057,3.1042128603104215,-3851367000.0,-613336500.0,-71196573000.0,75661276500.0,8.15,0.74,3.01
148,2024-04-09,234500,236500,228000,228000,663665,-1.935483870967742,3895705000.0,385159000.0,17251657000.0,-21532521000.0,7.99,0.72,3.07
149,2024-04-11,222000,241000,220000,241000,1853791,5.701754385964912,-15446705500.0,-862960000.0,-104229083000.0,120538748500.0,8.45,0.76,2.9
150,2024-04-12,241000,241500,237000,238000,997710,-1.2448132780082988,-52673529000.0,1179843000.0,980270000.0,50513416000.0,8.34,0.76,2.94
151,2024-04-15,236000,243000,233500,241500,1018783,1.4705882352941175,21135670000.0,-1093778000.0,-48505190000.0,28463298000.0,8.47,0.77,2.9
152,2024-04-16,239000,244500,236500,242000,1201766,0.2070393374741201,-12262716000.0,-284503000.0,-35381078000.0,47928297000.0,8.48,0.77,2.89
153,2024-04-17,242000,243000,233500,233500,1029202,-3.512396694214876,-35179213000.0,-185203500.0,25507953000.0,9856463500.0,8.19,0.74,3.0
154,2024-04-18,237000,239000,228500,231000,1168222,-1.070663811563169,-20475684000.0,-612294000.0,17652661500.0,3435316500.0,8.1,0.73,3.03
155,2024-04-19,231000,237000,229000,235000,1174278,1.7316017316017316,-26569389000.0,-966440500.0,-28913787500.0,56449617000.0,8.24,0.75,2.98
156,2024-04-22,240000,246000,239500,245000,1314974,4.25531914893617,23750866000.0,-2564579000.0,-129764119000.0,108577832000.0,8.59,0.78,2.86
157,2024-04-23,250000,251500,246000,249500,1153091,1.8367346938775513,5960595000.0,-1881384500.0,-90131057000.0,86051846500.0,8.75,0.79,2.81
158,2024-04-24,249000,253500,247500,252500,1242059,1.2024048096192386,28240496000.0,-1217697500.0,-127843284000.0,100820485500.0,8.85,0.8,2.77
159,2024-04-25,251000,254000,246000,250000,1297404,-0.9900990099009901,-10406429500.0,-3663800500.0,-35540946500.0,49611176500.0,8.77,0.79,2.8
160,2024-04-26,250000,253500,243000,249500,980459,-0.2,29578402500.0,-1895220500.0,-23961462000.0,-3721720000.0,8.75,0.79,2.81
161,2024-04-29,249000,254500,245500,251500,852780,0.8016032064128256,1422275500.0,369133500.0,-46324949000.0,44533540000.0,8.82,0.8,2.78
162,2024-04-30,250000,253000,248000,251000,545747,-0.19880715705765406,5987517500.0,1390858000.0,-20120552000.0,12742176500.0,8.8,0.8,2.79
163,2024-05-02,249000,251500,246500,249000,602350,-0.796812749003984,10274673500.0,-352979500.0,5347978000.0,-15269672000.0,5.45,0.71,4.58
164,2024-05-03,250000,250500,241000,241000,727057,-3.2128514056224895,-34936859500.0,-7092500.0,38304959000.0,-3361007000.0,5.27,0.68,4.73
165,2024-05-07,242500,246000,240000,242000,799659,0.4149377593360996,466694000.0,-171034500.0,13100127000.0,-13395786500.0,5.3,0.69,4.71
166,2024-05-08,240500,244000,240000,242000,444082,0.0,-9004994000.0,-555309500.0,-11068091500.0,20628395000.0,5.3,0.69,4.71
167,2024-05-09,242000,242500,235000,237000,704379,-2.066115702479339,-10468714500.0,-59948500.0,37543738500.0,-27015075500.0,5.19,0.67,4.81
168,2024-05-10,239000,243000,237000,241500,455541,1.89873417721519,10833859500.0,156377500.0,-20640923000.0,9650686000.0,5.28,0.69,4.72
169,2024-05-13,242500,247500,242000,245000,550255,1.4492753623188406,-3590915500.0,984531500.0,-33927753000.0,36534137000.0,5.36,0.7,4.65
170,2024-05-14,245500,247000,243000,246500,670650,0.6122448979591837,-22282833500.0,-325976500.0,-27107729500.0,49716539500.0,5.39,0.7,4.62
171,2024-05-16,248000,248500,245500,247000,559548,0.2028397565922921,7733932500.0,-35815000.0,-26490578000.0,18792460500.0,5.4,0.7,4.62
172,2024-05-17,247000,249500,244000,244000,408947,-1.214574898785425,-12573059500.0,1234320000.0,-7693605500.0,19032345000.0,5.34,0.69,4.67
173,2024-05-20,245500,255000,244500,250500,860566,2.663934426229508,35485522500.0,505686500.0,-100764307000.0,64773098000.0,5.48,0.71,4.55
174,2024-05-21,249000,254000,248000,253000,576613,0.998003992015968,14714450000.0,-615785000.0,-40739658500.0,26640993500.0,5.54,0.72,4.51
175,2024-05-22,253000,277500,251000,277000,3336634,9.486166007905137,91524777500.0,-307287500.0,-324950946500.0,233733456500.0,6.06,0.79,4.12
176,2024-05-23,273500,275000,267500,271500,1886248,-1.9855595667870036,37868248000.0,19545361000.0,-11090752500.0,-46322856500.0,5.94,0.77,4.2
177,2024-05-24,268500,274500,266000,267500,1059149,-1.4732965009208103,-13943226500.0,-3475961000.0,-4634901000.0,22054088500.0,5.85,0.76,4.26
178,2024-05-27,267500,271500,262000,265500,1011436,-0.7476635514018692,-1943756500.0,-2155702500.0,6524742000.0,-2425283000.0,5.81,0.75,4.29
179,2024-05-28,265000,270000,263500,265000,598743,-0.18832391713747645,24202362000.0,1560897000.0,-7513139000.0,-18250120000.0,5.8,0.75,4.3
180,2024-05-29,262500,265000,257000,261000,965532,-1.509433962264151,-6814073500.0,-2464607500.0,40488836000.0,-31210155000.0,5.71,0.74,4.37
181,2024-05-30,260500,264000,255500,257000,640526,-1.532567049808429,-22519827000.0,-677635000.0,16642803500.0,6554658500.0,5.62,0.73,4.44
182,2024-05-31,259500,260000,253000,253000,1014549,-1.556420233463035,31447676000.0,-71179000.0,40580977500.0,-71957474500.0,5.54,0.72,4.51
183,2024-06-03,257500,270000,257000,265000,1186533,4.743083003952568,72803671000.0,1169895500.0,-96398994000.0,22425427500.0,5.8,0.75,4.3
184,2024-06-04,262500,265500,258000,259000,660409,-2.2641509433962264,9376618500.0,1041215500.0,19545636000.0,-29963470000.0,5.67,0.74,4.4
185,2024-06-05,261000,267500,256500,264000,882084,1.9305019305019304,14573026500.0,-1598649000.0,-30090087500.0,17115710000.0,5.78,0.75,4.32
186,2024-06-07,262500,266500,261500,265000,519878,0.3787878787878788,9795447500.0,130687000.0,2550006000.0,-12476140500.0,5.8,0.75,4.3
187,2024-06-10,261500,271500,261000,267500,945927,0.9433962264150944,3398145000.0,-258140500.0,-38153236500.0,35013232000.0,5.85,0.76,4.26
188,2024-06-11,270500,273500,267500,271000,967240,1.3084112149532712,28287882000.0,-2232195000.0,-74388351000.0,48332664000.0,5.93,0.77,4.21
189,2024-06-12,273000,273000,268000,270000,567334,-0.36900369003690037,-3314582000.0,-1728917000.0,1339625000.0,3703874000.0,5.91,0.77,4.22
190,2024-06-13,273000,281000,269000,269000,1862106,-0.3703703703703704,-3692334000.0,800490500.0,-35535174500.0,38427018000.0,5.89,0.76,4.24
191,2024-06-14,268500,274000,267000,268000,778015,-0.37174721189591076,-27046800500.0,585120000.0,11839924000.0,14621756500.0,5.86,0.76,4.25
192,2024-06-17,276000,285000,275500,278500,1945849,3.9179104477611943,32493745000.0,-19384630500.0,-69656783500.0,56547669000.0,6.09,0.79,4.09
193,2024-06-18,280500,290000,278500,283000,1667920,1.615798922800718,19364886000.0,-298763500.0,-25544826000.0,6478703500.0,6.19,0.8,4.03
194,2024-06-19,286500,292500,284000,286500,1228960,1.2367491166077738,15393453000.0,5254494000.0,-36101377500.0,15453430500.0,6.27,0.81,3.98
195,2024-06-20,285500,288000,282500,285500,629996,-0.34904013961605584,-11242222500.0,1310751500.0,5279079500.0,4652391500.0,6.25,0.81,3.99
196,2024-06-21,283500,285000,279000,280000,876560,-1.926444833625219,9793211500.0,4906063500.0,18437550000.0,-33136825000.0,6.13,0.8,4.07
197,2024-06-24,277000,283000,275500,281000,598019,0.35714285714285715,12068062500.0,-769943500.0,-11540992500.0,242873500.0,6.15,0.8,4.06
198,2024-06-25,281000,292500,280000,288500,1023261,2.6690391459074734,21966085500.0,-1102935500.0,-52177381500.0,31314231500.0,6.31,0.82,3.95
199,2024-06-26,289000,293500,286500,289500,694207,0.34662045060658575,1823402000.0,4599897000.0,54988500.0,-6478287500.0,6.33,0.82,3.94
200,2024-06-27,287000,298500,286500,298000,1157313,2.936096718480138,20351261000.0,-6927586000.0,-67540066500.0,54116391500.0,6.52,0.85,3.83
201,2024-06-28,299500,299500,293000,295000,761453,-1.006711409395973,14732945500.0,2746893000.0,18197636500.0,-35677475000.0,6.45,0.84,3.86
202,2024-07-01,292000,296000,285500,286000,864443,-3.050847457627119,-22578805000.0,2754535500.0,78429141000.0,-58604871500.0,6.26,0.81,3.99
203,2024-07-02,283000,283500,271000,272500,1558999,-4.72027972027972,-51014960500.0,-1120137500.0,109215945500.0,-57080847500.0,5.96,0.77,4.18
204,2024-07-03,275000,281500,272500,276000,1072157,1.2844036697247707,-6113753500.0,3933965500.0,792072000.0,1387716000.0,6.04,0.78,4.13
205,2024-07-04,277500,281000,274500,277500,552767,0.5434782608695652,-2301235500.0,2322614000.0,587686000.0,-609064500.0,6.07,0.79,4.11
206,2024-07-05,277500,282000,277000,281000,586121,1.2612612612612613,26823506000.0,-120739000.0,-20688477500.0,-6014289500.0,6.15,0.8,4.06
207,2024-07-08,282000,289500,281000,283000,603805,0.7117437722419928,-24441145500.0,660552500.0,747981500.0,23032611500.0,6.19,0.8,4.03
208,2024-07-09,284000,285500,272500,274500,1135540,-3.0035335689045937,-54904995500.0,-1020115500.0,113605780500.0,-57680669500.0,6.01,0.78,4.15
209,2024-07-10,275000,277500,272500,274500,672155,0.0,-30349715000.0,-797197500.0,5517118500.0,25629794000.0,6.01,0.78,4.15
210,2024-07-11,277000,278500,274500,278500,653458,1.4571948998178506,-3523559500.0,1048702000.0,-28742928000.0,31217785500.0,6.09,0.79,4.09
211,2024-07-12,277500,278500,268000,271500,666813,-2.5134649910233393,-50727950000.0,1777430500.0,57443741500.0,-8493222000.0,5.94,0.77,4.2
212,2024-07-15,273000,273500,267500,268500,541442,-1.1049723756906076,-29424004000.0,-424725500.0,19999438500.0,9849291000.0,5.87,0.76,4.25
213,2024-07-16,270500,276000,270000,274500,552065,2.2346368715083798,9154723500.0,542575500.0,-26016351000.0,16319052000.0,6.01,0.78,4.15
214,2024-07-17,275500,275500,268000,268500,512968,-2.185792349726776,-17719054000.0,-1833323500.0,31360106000.0,-11807728500.0,5.87,0.76,4.25
215,2024-07-18,267000,267500,256500,260500,1083373,-2.97951582867784,-58338129500.0,-44422000.0,52276922500.0,6105629000.0,5.7,0.74,4.38
216,2024-07-19,258500,259500,254000,258500,737904,-0.7677543186180422,-29928222000.0,368953000.0,10291109500.0,19268159500.0,5.66,0.73,4.41
217,2024-07-22,259000,261500,251000,255000,769457,-1.3539651837524178,-27451604500.0,66660000.0,6036348000.0,21348596500.0,5.58,0.72,4.47
218,2024-07-23,258000,264500,257500,263500,803042,3.3333333333333335,-6463340000.0,187070000.0,-20965195000.0,27241465000.0,5.77,0.75,4.33
219,2024-07-24,259500,263500,257500,258500,608412,-1.8975332068311195,1709885000.0,97697500.0,34107581500.0,-35915164000.0,5.66,0.73,4.41
220,2024-07-25,253000,255000,247500,251500,832753,-2.7079303675048356,-1429417500.0,-26814000.0,41343741500.0,-39887510000.0,5.5,0.71,4.53
221,2024-07-26,248500,250500,232000,243500,2662741,-3.180914512922465,-22138279500.0,948286500.0,109212745000.0,-88022752000.0,5.33,0.69,4.68
222,2024-07-29,244000,260000,243000,255500,1302271,4.9281314168377826,31862649500.0,3636940500.0,-67089143000.0,31589553000.0,5.59,0.73,4.46
223,2024-07-30,253000,258000,249500,250000,594899,-2.152641878669276,-15921839500.0,524880500.0,20559020000.0,-5162061000.0,5.47,0.71,4.56
224,2024-07-31,250000,253500,247500,249000,594919,-0.4,5560811500.0,-1005720500.0,10081054000.0,-14636145000.0,5.45,0.71,4.58
225,2024-08-01,251000,258500,251000,253500,734315,1.8072289156626504,-27653384500.0,308239000.0,-20026944000.0,47372089500.0,5.55,0.72,4.5
226,2024-08-02,242500,248000,242000,244000,889521,-3.7475345167652856,3747542000.0,-301641000.0,17676372500.0,-21122273500.0,5.34,0.69,4.67
227,2024-08-05,236000,239500,216500,224000,1465965,-8.19672131147541,17347671500.0,6801182500.0,16326247500.0,-40475101500.0,4.9,0.64,5.09
228,2024-08-06,233500,241500,228000,235000,1250180,4.910714285714286,-1302462500.0,1922692500.0,489930000.0,-1110160000.0,5.14,0.67,4.85
229,2024-08-07,233000,241000,231500,236000,756779,0.425531914893617,-23361294000.0,766229500.0,24496407000.0,-1901342500.0,5.16,0.67,4.83
230,2024-08-08,231500,240000,228500,236500,698685,0.211864406779661,-20198235500.0,27630500.0,-4732047000.0,24902652000.0,5.17,0.67,4.82
231,2024-08-09,240500,248000,240000,243000,606967,2.748414376321353,4472508000.0,674811000.0,-22476771500.0,17329452500.0,5.32,0.69,4.69
232,2024-08-12,246000,249000,242000,243500,469844,0.205761316872428,-4018344000.0,-40452000.0,16111709500.0,-12052913500.0,5.33,0.69,4.68
233,2024-08-13,242000,245500,240000,243000,358474,-0.20533880903490762,-3899862500.0,-1365006000.0,-5588630500.0,10853499000.0,5.32,0.69,4.69
234,2024-08-14,245500,248000,238500,241000,500276,-0.823045267489712,-13961777000.0,-3075085500.0,20896364000.0,-3859501500.0,5.27,0.68,4.73
235,2024-08-16,248000,256500,246500,255000,1113073,5.809128630705394,21693352000.0,-1841780500.0,-145323973000.0,125472401500.0,5.58,0.72,4.47
236,2024-08-19,256000,259500,250000,255000,739313,0.0,-32350232500.0,505283500.0,-10593753500.0,42438702500.0,5.58,0.72,4.47
237,2024-08-20,258000,261000,255000,256000,660818,0.39215686274509803,-27415144000.0,-698328000.0,-6970378000.0,35083850000.0,5.6,0.73,4.45
238,2024-08-21,257500,257500,251000,252500,359513,-1.3671875,-11359285000.0,-196825000.0,23083787500.0,-11527677500.0,5.52,0.72,4.51
239,2024-08-22,253500,254000,245500,248000,497250,-1.782178217821782,-20253406500.0,-690335000.0,31619031000.0,-10675289500.0,5.43,0.7,4.6
240,2024-08-23,245500,254000,245000,252500,449189,1.8145161290322582,20399440500.0,48308500.0,-26755016500.0,6307267500.0,5.52,0.72,4.51
241,2024-08-26,255500,258000,247500,249500,469538,-1.188118811881188,-10302287000.0,-22509500.0,19085337500.0,-8760541000.0,5.46,0.71,4.57
242,2024-08-27,248500,251000,244500,247500,555018,-0.8016032064128256,-24033359500.0,1283471500.0,23062507500.0,-312619500.0,5.42,0.7,4.61
243,2024-08-28,249500,261000,246000,259000,1170970,4.646464646464646,9586127500.0,1701538500.0,-47048090500.0,35760424500.0,5.67,0.74,4.4
244,2024-08-29,261500,267000,256000,258500,1646679,-0.19305019305019305,-44311072500.0,-5316468500.0,2068486500.0,47559054500.0,5.66,0.73,4.41
245,2024-08-30,261000,265500,255500,255500,1206940,-1.160541586073501,-7385132000.0,-1007891000.0,4946724000.0,3446299000.0,5.59,0.73,4.46
246,2024-09-02,256000,256000,245000,246000,1006660,-3.7181996086105675,-65912710000.0,1195619500.0,92673537500.0,-27956447000.0,5.38,0.7,4.63
247,2024-09-03,244000,244500,236000,237500,1024521,-3.4552845528455287,-41958122000.0,-505636500.0,82490141500.0,-40026383000.0,5.2,0.67,4.8
248,2024-09-04,231000,236500,229500,232500,942257,-2.1052631578947367,-26418262000.0,-832791500.0,31226504000.0,-3975450500.0,5.09,0.66,4.9
249,2024-09-05,236000,237500,227000,229000,884047,-1.5053763440860215,-5847898000.0,732579500.0,49898747500.0,-44783429000.0,5.01,0.65,4.98
250,2024-09-06,228000,230500,223000,227500,710077,-0.6550218340611353,5356138500.0,2794342000.0,9116875000.0,-17267355500.0,4.98,0.65,5.01
251,2024-09-09,225500,231500,225000,229500,638085,0.8791208791208791,-16110915000.0,116535000.0,-5996807500.0,21991187500.0,5.02,0.65,4.97
252,2024-09-10,229500,231000,227000,231000,364974,0.6535947712418301,2742161000.0,9246623000.0,-2735160500.0,-9253623500.0,5.05,0.66,4.94
253,2024-09-11,229500,230500,221500,223500,781938,-3.2467532467532463,-30045186500.0,4526218500.0,71755067000.0,-46236099000.0,4.89,0.64,5.1
254,2024-09-12,226000,232000,225500,232000,660069,3.803131991051454,-2188823000.0,1002487000.0,-35115654000.0,36301990000.0,5.08,0.66,4.91
255,2024-09-13,237500,240500,234500,237000,524969,2.1551724137931036,16954662500.0,346105000.0,-22340077500.0,5039310000.0,5.19,0.67,4.81
256,2024-09-19,244000,246500,241500,246000,848380,3.79746835443038,26873238000.0,3478469500.0,-79330358500.0,48978651000.0,5.38,0.7,4.63
257,2024-09-20,250000,251000,247500,250500,809348,1.8292682926829267,-9263640500.0,6064612500.0,-53025712000.0,56224740000.0,5.48,0.71,4.55
258,2024-09-23,251500,251500,246500,249000,484728,-0.5988023952095809,1913546500.0,-403154000.0,965761000.0,-2476153500.0,5.45,0.71,4.58
259,2024-09-24,249000,253000,248000,253000,429463,1.6064257028112447,-8144583500.0,631030000.0,-33828313500.0,41341867000.0,5.54,0.72,4.51
260,2024-09-25,255500,257000,250500,251500,575575,-0.592885375494071,18236348000.0,-713574500.0,-24997676500.0,7474903000.0,5.5,0.71,4.53
261,2024-09-26,250000,259000,247500,259000,766978,2.982107355864811,17159998000.0,-51952500.0,-86346037500.0,69237992000.0,5.67,0.74,4.4
262,2024-09-27,257500,259000,253500,254500,493853,-1.7374517374517375,-26910217000.0,-3140903000.0,-2405097000.0,32456217000.0,5.57,0.72,4.48
263,2024-09-30,255500,256000,244000,244000,1032595,-4.12573673870334,-11458918500.0,326883500.0,43459046500.0,-32327011500.0,5.34,0.69,4.67
264,2024-10-02,237500,241000,236500,237000,1035510,-2.8688524590163933,-12070362000.0,906209000.0,37050792500.0,-25886639500.0,5.19,0.67,4.81
265,2024-10-04,235500,241500,232000,239500,856583,1.0548523206751055,259965000.0,-307496000.0,-6878080000.0,6925611000.0,5.24,0.68,4.76
266,2024-10-07,244000,247000,241000,247000,731171,3.1315240083507305,19554500500.0,-704363500.0,-22708527500.0,3858390500.0,5.4,0.7,4.62
267,2024-10-08,244500,247000,244000,246000,413552,-0.4048582995951417,-11614995500.0,205043000.0,-4742116000.0,16152068500.0,5.38,0.7,4.63
268,2024-10-10,253000,255500,246000,246000,641891,0.0,-21056906500.0,-2604106500.0,1501278000.0,22159735000.0,5.38,0.7,4.63
269,2024-10-11,248000,249500,246500,248500,282919,1.0162601626016259,15694566500.0,-274406000.0,-16425035500.0,1004875000.0,5.44,0.71,4.59
270,2024-10-14,250500,254000,248000,248500,307668,0.0,-790098000.0,1032107500.0,2678964000.0,-2920973500.0,5.44,0.71,4.59
271,2024-10-15,249500,249500,246000,246000,382087,-1.0060362173038229,-759280500.0,-656323000.0,9927659500.0,-8512056000.0,5.38,0.7,4.63
272,2024-10-16,246000,247000,242000,247000,799813,0.40650406504065045,456339500.0,-455331000.0,10639575500.0,-10640584000.0,5.4,0.7,4.62
273,2024-10-17,245000,246000,235500,235500,923060,-4.65587044534413,-47263769000.0,983972500.0,117921775000.0,-71641978500.0,5.15,0.67,4.84
274,2024-10-18,237000,239000,233000,234500,696368,-0.42462845010615713,17673125000.0,-366116000.0,16324042500.0,-33631051500.0,5.13,0.67,4.86
275,2024-10-21,235000,240000,234500,237000,443742,1.0660980810234542,5579129000.0,83162500.0,-4077731500.0,-1584560000.0,5.19,0.67,4.81
276,2024-10-22,236000,239000,232500,234500,517834,-1.0548523206751055,-3761809000.0,342131000.0,10092494500.0,-6672816500.0,5.13,0.67,4.86
277,2024-10-23,236500,243000,234000,241000,671384,2.771855010660981,24491848000.0,635484500.0,-43758251500.0,18630919000.0,5.27,0.68,4.73
278,2024-10-24,241000,241000,228000,228500,1209781,-5.186721991701245,-33478294500.0,60864500.0,107002282500.0,-73584852500.0,5.0,0.65,4.99
279,2024-10-25,226500,231000,220500,225500,1116832,-1.312910284463895,-2283721500.0,738167500.0,56518278500.0,-54972724500.0,4.93,0.64,5.06
280,2024-10-28,226000,229000,224000,226500,639039,0.4434589800443459,3323038500.0,424929000.0,36888127000.0,-40636094500.0,4.96,0.64,5.03
281,2024-10-29,226000,226500,221000,224000,746178,-1.1037527593818985,-3972560000.0,10370070000.0,34947624500.0,-41345134500.0,4.9,0.64,5.09
282,2024-10-30,223000,225000,220500,220500,554300,-1.5625,-6063282000.0,893161500.0,28706081500.0,-23535961000.0,4.82,0.63,5.17
283,2024-10-31,220500,221500,215000,215000,1075398,-2.494331065759637,-10864232500.0,719549000.0,46547365000.0,-36402681500.0,4.7,0.61,5.3
284,2024-11-01,212500,216500,211500,213500,765177,-0.6976744186046512,-11255803000.0,-1021364000.0,18726487000.0,-6449320000.0,4.67,0.61,5.34
285,2024-11-04,215000,220500,214000,216500,748180,1.405152224824356,13822294000.0,1602141500.0,17762699000.0,-33187134500.0,4.74,0.62,5.27
286,2024-11-05,214000,215500,211500,215000,615978,-0.6928406466512702,-4899140000.0,-7499500.0,23973806500.0,-19067167000.0,4.7,0.61,5.3
287,2024-11-06,214000,214500,205500,206500,1880618,-3.953488372093023,17626296500.0,3599164000.0,70498743000.0,-91724203500.0,4.52,0.59,5.52
288,2024-11-07,203500,210500,201000,207500,1108161,0.48426150121065376,10264176000.0,-110416000.0,-15932063000.0,5778303000.0,4.54,0.59,5.49
289,2024-11-08,209500,210500,202500,203500,716859,-1.9277108433734942,19849603000.0,-472590500.0,28924934000.0,-48301946500.0,4.45,0.58,5.6
290,2024-11-11,203500,212500,203500,211000,856539,3.6855036855036856,19787157000.0,436164000.0,-31819209500.0,11595888500.0,4.62,0.6,5.4
291,2024-11-12,213000,213500,206500,207000,911213,-1.8957345971563981,26282379500.0,-716016000.0,16055144000.0,-41621507500.0,4.53,0.59,5.51
292,2024-11-13,206000,206000,199900,199900,778547,-3.429951690821256,9421200300.0,-743107200.0,24395423100.0,-33073516200.0,4.37,0.57,5.7
293,2024-11-14,200500,203500,197300,201500,817142,0.80040020010005,15768027100.0,-9091863500.0,-9797949800.0,3121786200.0,4.41,0.57,5.66
294,2024-11-15,200000,208500,199900,206000,709396,2.2332506203473943,8718781500.0,-7904577000.0,-8502769900.0,7688565400.0,4.51,0.59,5.53
295,2024-11-18,206000,218000,206000,217000,1115993,5.339805825242718,24147622500.0,5154670500.0,-49155166500.0,19852873500.0,4.75,0.62,5.25
296,2024-11-19,217000,219000,213000,215500,540792,-0.6912442396313364,20103126000.0,615060000.0,2778419500.0,-23496605500.0,4.72,0.61,5.29
297,2024-11-20,213000,220500,212500,218500,572617,1.3921113689095126,10429458000.0,-4698045000.0,-12282822500.0,6551409500.0,4.78,0.62,5.22
298,2024-11-21,218500,219500,215500,215500,499737,-1.3729977116704806,-2433226500.0,-53259000.0,14883022500.0,-12396537000.0,4.72,0.61,5.29
299,2024-11-22,216000,218500,214500,217000,419056,0.6960556844547563,13920556500.0,1585590000.0,-325330000.0,-15180816500.0,4.75,0.62,5.25
300,2024-11-25,219000,221500,216500,219000,726301,0.9216589861751152,21558197000.0,-632490500.0,-20371623000.0,-554083500.0,4.79,0.62,5.21
301,2024-11-26,218000,224500,216500,223500,721544,2.054794520547945,20922525500.0,1189282500.0,-20329118000.0,-1782690000.0,4.89,0.64,5.1
302,2024-11-27,220000,226500,218500,221000,1094533,-1.1185682326621924,7762477000.0,-388952500.0,4312115500.0,-11685640000.0,4.84,0.63,5.16
303,2024-11-28,224000,225000,218000,219000,593477,-0.904977375565611,-19823114000.0,8226299000.0,18300097000.0,-6703282000.0,4.79,0.62,5.21
304,2024-11-29,219000,220000,214500,218500,576357,-0.228310502283105,-5100142500.0,7844552500.0,-6238242500.0,3493832500.0,4.78,0.62,5.22
305,2024-12-02,219500,220500,215000,216000,520654,-1.1441647597254003,4234003000.0,9127434500.0,-10540965000.0,-2820472500.0,4.73,0.61,5.28
306,2024-12-03,218000,218000,213500,214500,624929,-0.6944444444444444,-18800901500.0,8385373500.0,15304180000.0,-4888652000.0,4.69,0.61,5.31
307,2024-12-04,208500,213000,207000,209000,919137,-2.564102564102564,5709319000.0,14265314000.0,13409030500.0,-33383663500.0,4.57,0.59,5.45
308,2024-12-05,209000,210500,204000,204500,604002,-2.15311004784689,-7815157500.0,11123337500.0,11265238500.0,-14573418500.0,4.47,0.58,5.57
309,2024-12-06,203500,206000,200000,203500,778285,-0.4889975550122249,15927563500.0,13630335000.0,3856369500.0,-33414268000.0,4.45,0.58,5.6
310,2024-12-09,201000,203000,200000,201000,774548,-1.2285012285012284,19010753000.0,-2149989000.0,-18041124000.0,1180360000.0,4.4,0.57,5.67
311,2024-12-10,205500,211500,204000,210500,619392,4.72636815920398,21970828500.0,7883225500.0,-28688760000.0,-1165294000.0,4.61,0.6,5.42
312,2024-12-11,208000,211000,207500,209000,335301,-0.7125890736342043,5320644500.0,9136106500.0,9254935500.0,-23711686500.0,4.57,0.59,5.45
313,2024-12-12,210500,213000,209500,211500,625351,1.1961722488038278,4774629000.0,7971105500.0,-8694149500.0,-4051585000.0,4.63,0.6,5.39
314,2024-12-13,212000,216000,209000,215000,528172,1.6548463356973995,24439244500.0,8604181500.0,-6998507500.0,-26044918500.0,4.7,0.61,5.3
315,2024-12-16,215500,216000,210500,211000,469448,-1.8604651162790697,-1068715500.0,12856563000.0,20291822500.0,-32079670000.0,4.62,0.6,5.4
316,2024-12-17,210000,212500,205500,206500,715553,-2.132701421800948,-14199574000.0,14850130000.0,29742589000.0,-30393145000.0,4.52,0.59,5.52
317,2024-12-18,207500,217000,207500,216500,712305,4.842615012106537,29414174000.0,5664344500.0,-60254749500.0,25176231000.0,4.74,0.62,5.27
318,2024-12-19,213000,214000,210500,212000,631880,-2.0785219399538106,14724745000.0,12308298000.0,10242818500.0,-37275861500.0,4.64,0.6,5.38
319,2024-12-20,210500,211500,206000,210500,704962,-0.7075471698113208,8375888500.0,12435123000.0,12844451000.0,-33655462500.0,4.61,0.6,5.42
320,2024-12-23,212500,216500,212000,215000,468339,2.137767220902613,6358667000.0,9135549000.0,-25852072000.0,10357856000.0,4.7,0.61,5.3
321,2024-12-24,215000,217000,213000,216500,351647,0.6976744186046512,2721439500.0,7928724000.0,-16853674000.0,6203510500.0,4.74,0.62,5.27
322,2024-12-26,217500,219500,215000,217500,460871,0.4618937644341801,22688458500.0,8373986500.0,-21447258000.0,-9615187000.0,4.76,0.62,5.24
323,2024-12-27,217000,217500,213500,215000,391681,-1.1494252873563218,5802669000.0,3692500.0,2934589500.0,-8740951000.0,4.7,0.61,5.3
324,2024-12-30,213500,217000,212000,212000,387750,-1.3953488372093024,7118015500.0,-794556500.0,8260893000.0,-14584352000.0,4.64,0.6,5.38
325,2025-01-02,212000,216000,210500,211500,437773,-0.2358490566037736,-6882236500.0,-102151000.0,12057839500.0,-5073452000.0,4.63,0.6,5.39
326,2025-01-03,211500,215000,211000,213000,456107,0.7092198581560284,-18791480500.0,18061964500.0,5156722000.0,-4427206000.0,4.66,0.61,5.35
327,2025-01-06,213000,213500,207000,211500,782307,-0.7042253521126761,-29137776000.0,21524594500.0,50950746500.0,-43337565000.0,4.63,0.6,5.39
328,2025-01-07,211500,214000,210500,211000,511955,-0.2364066193853428,-15962751000.0,18473044000.0,3795993500.0,-6306286500.0,4.62,0.6,5.4
329,2025-01-08,209500,215500,209000,213500,603411,1.1848341232227488,-6690485000.0,18510149000.0,-30242945500.0,18423281500.0,4.67,0.61,5.34
330,2025-01-09,215000,219500,213000,213000,866529,-0.234192037470726,-37229027500.0,19591360000.0,19022731500.0,-1385064000.0,4.66,0.61,5.35
331,2025-01-10,215000,227000,215000,226000,1951806,6.103286384976526,610839500.0,14703784500.0,-101040707500.0,85726083500.0,4.94,0.64,5.04
332,2025-01-13,225500,226000,218500,220000,867629,-2.6548672566371683,-19372901000.0,27565471500.0,36521580000.0,-44714150500.0,4.81,0.63,5.18
333,2025-01-14,221000,224500,219500,222000,547856,0.9090909090909091,-11766644500.0,19808446500.0,-8052414000.0,10612000.0,4.86,0.63,5.14
334,2025-01-15,222000,224000,220500,220500,492913,-0.6756756756756757,-20830905000.0,19760313500.0,7876193000.0,-6805601500.0,4.82,0.63,5.17
335,2025-01-16,223000,224000,218000,219000,435312,-0.6802721088435374,-18157696000.0,15150545000.0,23676595000.0,-20669444000.0,4.79,0.62,5.21
336,2025-01-17,217500,218000,211000,211500,813817,-3.4246575342465753,-38619743000.0,68682500.0,81686329500.0,-43135269000.0,4.63,0.6,5.39
337,2025-01-20,211000,212000,207500,208500,571176,-1.4184397163120568,-12406772000.0,15218587000.0,35565408500.0,-38377223500.0,4.56,0.59,5.47
338,2025-01-21,210500,213000,206500,206500,833996,-0.9592326139088728,4220039500.0,14625219500.0,42673379500.0,-61518638500.0,4.52,0.59,5.52
339,2025-01-22,207500,210000,206500,208500,832710,0.9685230024213075,33139022500.0,20644845000.0,13432744500.0,-67216612000.0,4.56,0.59,5.47
340,2025-01-23,208000,213500,205500,209000,1032782,0.2398081534772182,30589994500.0,21101940000.0,-15099151000.0,-36592783500.0,4.57,0.59,5.45
341,2025-01-24,208000,208500,203000,205000,1077548,-1.9138755980861244,-34052731500.0,26316741000.0,78699326000.0,-70963335500.0,4.49,0.58,5.56
342,2025-01-31,204500,207500,200000,206000,986621,0.4878048780487805,-4591785000.0,40165495000.0,-5898624000.0,-29675086000.0,4.51,0.59,5.53
343,2025-02-03,201000,203500,200000,202000,911137,-1.9417475728155338,-16947655500.0,40826740000.0,15954232000.0,-39833316500.0,4.42,0.57,5.64
344,2025-02-04,205000,208500,201000,201000,841947,-0.49504950495049505,-6943847000.0,41265510500.0,1683067000.0,-36004730500.0,4.4,0.57,5.67
345,2025-02-05,201500,206500,201000,204500,710413,1.7412935323383085,-2534994500.0,40899945000.0,-8052097000.0,-30312853500.0,4.47,0.58,5.57
346,2025-02-06,206000,207000,203000,203500,605308,-0.4889975550122249,1486661000.0,41639948500.0,16928298500.0,-60054908000.0,4.45,0.58,5.6
347,2025-02-07,203500,204500,200000,200500,834221,-1.4742014742014742,-11126968000.0,44381824500.0,60187217000.0,-93442073500.0,4.39,0.57,5.69
348,2025-02-10,199500,201000,197700,199400,992303,-0.5486284289276808,-4667897800.0,44078612400.0,21304270900.0,-60714985500.0,4.36,0.57,5.72
349,2025-02-11,199500,202500,198500,199400,842452,0.0,-13788646600.0,27925091700.0,21247723700.0,-35384168800.0,4.36,0.57,5.72
350,2025-02-12,199000,200500,198100,198100,567219,-0.6519558676028084,741298700.0,2541351100.0,18670946400.0,-21953596200.0,4.33,0.56,5.75
351,2025-02-13,202500,210000,202000,208500,1493929,5.24987380111055,50873489500.0,-4137808000.0,-126861346500.0,80125665000.0,4.56,0.59,5.47
352,2025-02-14,208000,210000,205500,206000,823619,-1.1990407673860912,21910337000.0,-700121500.0,5414861000.0,-26625076500.0,4.51,0.59,5.53
353,2025-02-17,201000,202500,199500,199800,894545,-3.0097087378640777,-22054730300.0,3547786500.0,99438129500.0,-80931185700.0,4.37,0.57,5.71
354,2025-02-18,200000,201500,198900,200500,560363,0.35035035035035034,4072744500.0,483364000.0,14096896300.0,-18653004800.0,4.39,0.57,5.69
355,2025-02-19,198900,204500,198800,204000,854114,1.7456359102244388,35168412700.0,-2961629500.0,-45125830400.0,12919047200.0,4.46,0.58,5.59
356,2025-02-20,202500,204000,201500,203000,354026,-0.49019607843137253,696002000.0,284966500.0,7717582000.0,-8698550500.0,4.44,0.58,5.62
357,2025-02-21,209000,211000,204000,206000,713842,1.477832512315271,3426825500.0,-14562500.0,2939628000.0,-6351891000.0,4.51,0.59,5.53
358,2025-02-24,204000,207000,203500,207000,497135,0.48543689320388345,-2038442500.0,-408350500.0,16782476000.0,-14335683000.0,4.53,0.59,5.51
359,2025-02-25,205000,205000,202000,202500,651155,-2.1739130434782608,-8194555500.0,2469025500.0,70240093000.0,-64514563000.0,4.43,0.58,5.63
360,2025-02-26,203500,207000,203000,205000,750341,1.2345679012345678,21147089500.0,820227500.0,-11984877500.0,-9982439500.0,4.49,0.58,5.56
361,2025-02-27,200500,201000,199300,200500,890406,-2.195121951219512,-36062946200.0,474106100.0,94930737500.0,-59341897400.0,4.39,0.57,5.69
362,2025-02-28,198600,198800,193000,193000,1187503,-3.7406483790523692,-39991921200.0,2648714700.0,124733559900.0,-87390353400.0,4.22,0.55,5.91
363,2025-03-04,190000,195100,189200,190300,592292,-1.3989637305699483,-4902275200.0,-59388900.0,26043568600.0,-21081904500.0,4.16,0.54,5.99
364,2025-03-05,191800,197000,191800,194700,798748,2.312138728323699,-27642026100.0,200344700.0,-16919500600.0,44361182000.0,4.26,0.55,5.86
365,2025-03-06,199200,201000,196500,197600,659716,1.4894709809964048,-1785170400.0,1277432400.0,-21052498150.0,21560236150.0,4.32,0.56,5.77
366,2025-03-07,194800,197200,194100,196600,574321,-0.5060728744939271,-3036938250.0,506164850.0,2693724300.0,-162950900.0,4.3,0.56,5.8
367,2025-03-10,196600,198600,195200,197400,318730,0.40691759918616477,-10814819450.0,-690868900.0,-7482375650.0,18988064000.0,4.32,0.56,5.78
368,2025-03-11,194500,196000,192700,195600,456616,-0.911854103343465,-18119262050.0,42110200.0,9882785850.0,8194366000.0,4.28,0.56,5.83
369,2025-03-12,195800,198200,195000,198200,351293,1.329243353783231,-8547869200.0,78352300.0,-10809735800.0,19279252700.0,4.34,0.56,5.75
370,2025-03-13,199300,201000,196200,201000,578677,1.4127144298688195,3045248450.0,-898036000.0,-22186870450.0,20039658000.0,4.4,0.57,5.67
371,2025-03-14,199800,200500,197500,198500,473953,-1.2437810945273633,-12495993850.0,89223300.0,-2741813500.0,15148584050.0,4.34,0.56,5.74
372,2025-03-17,198400,199000,195300,199000,369290,0.2518891687657431,59449300.0,290683400.0,-3352500550.0,3002367850.0,4.35,0.57,5.73
373,2025-03-18,199500,202000,199300,200500,505699,0.7537688442211055,394399500.0,-3789609700.0,-37294395750.0,40689605950.0,4.39,0.57,5.69
374,2025-03-19,201000,204000,199000,204000,520541,1.7456359102244388,18884383550.0,-843209750.0,-56757336200.0,38716162400.0,4.46,0.58,5.59
375,2025-03-20,204500,205000,201500,202500,635938,-0.7352941176470588,7676470500.0,304754000.0,10862777500.0,-18844002000.0,4.43,0.58,5.63
376,2025-03-21,201500,205000,201000,205000,552626,1.2345679012345678,-3814564000.0,-48201500.0,-27316043750.0,31178809250.0,4.49,0.58,5.56
377,2025-03-24,204500,216000,203500,213000,1212302,3.902439024390244,74891673250.0,-1936942000.0,-126466161500.0,53511430250.0,4.66,0.61,5.35
378,2025-03-25,228500,229000,218500,220000,2097056,3.286384976525822,-1470255750.0,-1012798500.0,-7448331000.0,9931385250.0,4.81,0.63,5.18
379,2025-03-26,224000,227500,220500,222000,1220193,0.9090909090909091,-23743576500.0,1958093500.0,-39209022500.0,60994505500.0,4.86,0.63,5.14
380,2025-03-27,215000,216500,212000,212500,1027562,-4.2792792792792795,-405655000.0,2687416250.0,22963096750.0,-25244858000.0,4.65,0.6,5.36
381,2025-03-28,208000,209500,202500,205000,1003500,-3.5294117647058822,15353109000.0,385929000.0,56060751000.0,-71799789000.0,4.49,0.58,5.56
382,2025-03-31,199900,201000,196800,197200,936571,-3.8048780487804876,13520133400.0,1388582800.0,70879866050.0,-85788582250.0,4.31,0.56,5.78
383,2025-04-01,199000,200500,196100,198600,641043,0.7099391480730223,15986783600.0,1090906000.0,26903562750.0,-43981252350.0,4.35,0.56,5.74
384,2025-04-02,198800,199100,195800,196300,615215,-1.1581067472306144,9913419900.0,1875592400.0,38788843300.0,-50577855600.0,4.3,0.56,5.81
385,2025-04-03,191000,194500,189100,193800,954824,-1.273560876209883,26035249550.0,1375452250.0,50605356200.0,-78016058000.0,4.24,0.55,5.88
386,2025-04-04,191300,196500,189600,191800,810211,-1.0319917440660475,11523120000.0,1404748500.0,43335803550.0,-56263672050.0,4.2,0.55,5.94
387,2025-04-07,184700,185300,178900,179100,1244441,-6.6214807090719505,25806917900.0,1499176700.0,94654846150.0,-121960940750.0,3.92,0.51,6.37
388,2025-04-08,181400,183800,177500,179200,1082825,0.05583472920156338,-9912916600.0,148641300.0,68468203050.0,-58703927750.0,3.92,0.51,6.36
389,2025-04-09,177500,180900,177300,178000,689621,-0.6696428571428571,-3534173950.0,1688098400.0,13527216300.0,-11681140750.0,3.89,0.51,6.4
390,2025-04-10,191700,192900,186500,187000,1426032,5.056179775280898,-3140728550.0,-304099100.0,-10251382000.0,13696209650.0,4.09,0.53,6.1
391,2025-04-11,181800,183000,175800,177500,1647599,-5.080213903743315,-52450527250.0,1357424500.0,191997425800.0,-140904323050.0,3.88,0.5,6.42
392,2025-04-14,178400,180300,177500,179300,536959,1.0140845070422535,-3399230150.0,35253100.0,1163786750.0,2200190300.0,3.92,0.51,6.36
393,2025-04-15,185400,189200,183700,187000,1052017,4.294478527607362,26477425500.0,-587423900.0,-43170756050.0,17280754450.0,4.09,0.53,6.1
394,2025-04-16,185200,186400,181300,181700,593391,-2.8342245989304815,-2704894650.0,9571360650.0,40044986350.0,-46911452350.0,3.98,0.52,6.27
395,2025-04-17,182600,184600,181500,181700,522233,0.0,10618594850.0,1709525450.0,17280972150.0,-29609092450.0,3.98,0.52,6.27
396,2025-04-18,182800,188300,181200,187200,664774,3.026967528893781,30099700450.0,-9262346900.0,-18592746550.0,-2244607000.0,4.1,0.53,6.09
397,2025-04-21,187500,188800,185500,187300,352360,0.05341880341880342,2888284900.0,-500766900.0,3673178950.0,-6060696950.0,4.1,0.53,6.09
398,2025-04-22,186100,187700,185200,185600,392723,-0.9076348104644953,-8213518450.0,5753976850.0,15117267600.0,-12657726000.0,4.06,0.53,6.14
399,2025-04-23,188900,190400,187400,190000,607448,2.3706896551724137,24016660400.0,3957824050.0,-18153334150.0,-9821150300.0,4.16,0.54,6.0
400,2025-04-24,191100,191200,186500,188900,642753,-0.5789473684210527,-13049381600.0,1229095350.0,17891392650.0,-6071106400.0,4.13,0.54,6.03
401,2025-04-25,191000,191000,188600,188800,528739,-0.05293806246691372,9543289050.0,-1367367800.0,20970498700.0,-29146419950.0,4.13,0.54,6.04
402,2025-04-28,188100,190100,187000,189000,450993,0.1059322033898305,16073772600.0,-6258143850.0,-5556034000.0,-4259594750.0,4.14,0.54,6.03
403,2025-04-29,192700,194000,189700,192800,594224,2.0105820105820107,16224196050.0,-211246300.0,-18693515000.0,2680565250.0,4.22,0.55,5.91
404,2025-04-30,192700,193300,190200,190600,429791,-1.1410788381742738,-3640163150.0,418081500.0,12158432350.0,-8936350700.0,4.17,0.54,5.98
405,2025-05-02,190200,190500,188200,189400,464020,-0.6295907660020986,-11186418500.0,-609009950.0,11383814050.0,411614400.0,3.98,0.46,6.34
406,2025-05-07,191400,191400,186500,187600,666181,-0.9503695881731784,-14076180600.0,-281712000.0,32343523450.0,-17985630850.0,3.94,0.45,6.4
407,2025-05-08,187600,188900,187100,187100,543972,-0.26652452025586354,-8446759000.0,502940000.0,6391567550.0,1552251450.0,3.93,0.45,6.41
408,2025-05-09,191200,193400,189500,189900,514047,1.4965259219668627,6312528400.0,475318750.0,-22357464700.0,15569617550.0,3.99,0.46,6.32
409,2025-05-12,191900,195800,191400,195800,569602,3.1068983675618744,21780962200.0,-848429300.0,-50512714750.0,29580181850.0,4.11,0.47,6.13
410,2025-05-13,197400,198000,195100,196700,462830,0.45965270684371806,8822777350.0,569695400.0,-15827918750.0,6435446000.0,4.13,0.48,6.1
411,2025-05-14,197200,198300,194300,197100,557318,0.20335536349771224,10624018550.0,-1011354100.0,-13925252450.0,4312588000.0,4.14,0.48,6.09
412,2025-05-15,195200,196900,192200,192900,469355,-2.13089802130898,-27437907450.0,52500600.0,32424944350.0,-5039537500.0,4.05,0.47,6.22
413,2025-05-16,193300,194700,193000,193800,311743,0.46656298600311047,-5976310350.0,-38790950.0,104064400.0,5911036900.0,4.07,0.47,6.19
414,2025-05-19,193000,193000,190000,191000,378893,-1.4447884416924663,-10530468450.0,-790964100.0,13004267350.0,-1682834800.0,4.01,0.46,6.28
415,2025-05-20,192800,194100,189500,189500,422756,-0.7853403141361256,-18019271700.0,621445150.0,30811511550.0,-13413685000.0,3.98,0.46,6.33
416,2025-05-21,189500,190350,187400,188000,558502,-0.79155672823219,-3676663150.0,-161508250.0,34167019600.0,-30328848200.0,3.95,0.45,6.38
417,2025-05-22,187000,187000,181900,182400,982354,-2.9787234042553195,-38146797500.0,1701322550.0,113412334850.0,-76966859900.0,3.83,0.44,6.58
418,2025-05-23,182400,182500,179300,179900,829741,-1.3706140350877192,-12977853150.0,596186000.0,79000799200.0,-66619132050.0,3.78,0.43,6.67
419,2025-05-26,180100,183000,179700,181900,623947,1.1117287381878822,-2738634150.0,368815900.0,27516846000.0,-25147027750.0,3.82,0.44,6.6
420,2025-05-27,180700,181900,180300,181900,502985,0.0,-13822254800.0,661935250.0,20716463100.0,-7556143550.0,3.82,0.44,6.6
421,2025-05-28,182400,186300,182400,185900,611926,2.1990104452996153,25141475350.0,2434369400.0,-24912812800.0,-2663031950.0,3.9,0.45,6.46
422,2025-05-29,189600,193000,186300,191000,1093538,2.743410435718128,36784857000.0,-1009790100.0,-55632393850.0,19857326950.0,4.01,0.46,6.28
423,2025-05-30,187400,187500,185300,185300,781444,-2.984293193717278,-9035115200.0,1460555500.0,54557970100.0,-46983410400.0,3.89,0.45,6.48
424,2025-06-02,184600,185500,183100,184000,538182,-0.7015650296815974,-17939609400.0,640225300.0,37978452500.0,-20679068400.0,3.86,0.44,6.52
425,2025-06-04,185100,186500,184100,186000,577325,1.0869565217391304,-4530810150.0,1836480900.0,25789011200.0,-23094681950.0,3.91,0.45,6.45
426,2025-06-05,186000,193000,186000,189600,797915,1.935483870967742,14738921800.0,176581500.0,-22767676750.0,7852173450.0,3.98,0.46,6.33
427,2025-06-09,192900,198400,192300,197800,1665140,4.324894514767933,-23958234850.0,1574218350.0,-78988663750.0,101372680250.0,4.15,0.48,6.07
428,2025-06-10,201000,201500,195800,197000,998951,-0.40444893832153694,-13046781650.0,405164250.0,8810414100.0,3831203300.0,4.14,0.48,6.09
429,2025-06-11,199100,201500,199000,201000,649618,2.030456852791878,14156929550.0,-927232500.0,-38700582200.0,25470885150.0,4.22,0.49,5.97
430,2025-06-12,201500,204500,200500,201500,885521,0.24875621890547264,-59978180000.0,1540241250.0,-2561893250.0,60999832000.0,4.23,0.49,5.96
431,2025-06-13,199400,199800,196800,199000,933606,-1.240694789081886,-9234682750.0,211562600.0,-37745173800.0,46768293950.0,4.18,0.48,6.03
432,2025-06-16,198300,202000,196200,201500,500547,1.256281407035176,-3077343050.0,-36076850.0,-8372245000.0,11485664900.0,4.23,0.49,5.96
433,2025-06-17,202500,208000,200500,205000,950447,1.7369727047146404,65114153500.0,-227046750.0,-78364844500.0,13477737750.0,4.31,0.5,5.85
434,2025-06-18,202500,207000,200500,206000,575644,0.4878048780487805,1703298500.0,565169750.0,2819791750.0,-5088260000.0,4.33,0.5,5.83
435,2025-06-19,209500,211500,205500,207000,538891,0.48543689320388345,-7034637750.0,712859000.0,8856729000.0,-2534950250.0,4.35,0.5,5.8
436,2025-06-20,208000,210500,205500,210000,662635,1.4492753623188406,-11563271500.0,-805974000.0,-19602305000.0,31971550500.0,4.41,0.51,5.71
437,2025-06-23,205500,206000,200500,201500,935001,-4.0476190476190474,-37145967000.0,2285577000.0,67572723000.0,-32712333000.0,4.23,0.49,5.96
438,2025-06-24,206500,208000,203000,206000,718116,2.2332506203473943,-15445466500.0,-7614750.0,6073869000.0,9379212250.0,4.33,0.5,5.83
439,2025-06-25,206500,221500,206000,217000,1789517,5.339805825242718,11140380500.0,629917500.0,-49558170250.0,37787872250.0,4.56,0.52,5.53
440,2025-06-26,214500,215000,208000,209500,814616,-3.4562211981566824,2170069750.0,1760894750.0,46157024250.0,-50087988750.0,4.4,0.51,5.73
441,2025-06-27,211000,211000,203000,205000,764378,-2.1479713603818613,1279825750.0,380204750.0,47039347500.0,-48699378000.0,4.31,0.5,5.85
442,2025-06-30,204500,207000,203500,203500,492507,-0.7317073170731708,13044713750.0,877565250.0,-6703855750.0,-7218423250.0,4.27,0.49,5.9
443,2025-07-01,204000,214500,203500,210000,1059697,3.194103194103194,74757171500.0,546104500.0,-49435816750.0,-25867459250.0,4.41,0.51,5.71
444,2025-07-02,215000,218000,210000,213500,1058819,1.6666666666666667,38417182500.0,-1221194500.0,-17046982750.0,-20149005250.0,4.48,0.52,5.62
445,2025-07-03,215000,217000,211500,214500,562758,0.468384074941452,19326961750.0,-6802494500.0,3750141750.0,-16274609000.0,4.5,0.52,5.59
446,2025-07-04,214500,216500,210000,210500,415693,-1.8648018648018647,-776649000.0,-95876500.0,3429994250.0,-2557468750.0,4.42,0.51,5.7
447,2025-07-07,210000,210500,207000,208500,398058,-0.9501187648456058,-996883750.0,-426415250.0,12855675000.0,-11432376000.0,4.38,0.5,5.76
448,2025-07-08,207000,211500,205500,211000,499225,1.1990407673860912,-12933627500.0,1115561500.0,-8730628250.0,20548694250.0,4.43,0.51,5.69
449,2025-07-09,208500,209500,205500,209500,524731,-0.7109004739336493,-25563175250.0,-203950250.0,16862257250.0,8904868250.0,4.4,0.51,5.73
450,2025-07-10,210000,211500,205500,208000,719453,-0.7159904534606205,-35812599500.0,111361750.0,24101476000.0,11599761750.0,4.37,0.5,5.77
451,2025-07-11,209000,211500,207500,208000,592335,0.0,-3781616750.0,135112750.0,23608416750.0,-19961912750.0,4.37,0.5,5.77
452,2025-07-14,208500,218000,208000,217000,1241993,4.326923076923077,40464157750.0,-2109689750.0,-118289603000.0,79935135000.0,4.56,0.52,5.53
453,2025-07-15,217000,217500,209500,211000,1111748,-2.7649769585253456,-17704566500.0,3429252250.0,84470754750.0,-70195440500.0,4.43,0.51,5.69
454,2025-07-16,211000,211000,207500,207500,492782,-1.6587677725118484,-25009331750.0,1309356500.0,59297014750.0,-35597039500.0,4.36,0.5,5.78
455,2025-07-17,208500,212000,205500,210000,611349,1.2048192771084338,3043239750.0,1144942750.0,6984099000.0,-11172281500.0,4.41,0.51,5.71
456,2025-07-18,210000,212500,208500,210500,317353,0.2380952380952381,2590221750.0,759948750.0,12431126000.0,-15781296500.0,4.42,0.51,5.7
457,2025-07-21,209500,210500,208000,209000,460835,-0.7125890736342043,-24635362750.0,1324786250.0,39140598750.0,-15830022250.0,4.39,0.51,5.74
458,2025-07-22,209000,209500,204500,206500,441603,-1.1961722488038278,-16326742250.0,2489322500.0,36858694250.0,-23021274500.0,4.34,0.5,5.81
459,2025-07-23,213000,223000,213000,222000,2832242,7.506053268765134,90010579000.0,-1841415000.0,-356512841000.0,268343677000.0,4.66,0.54,5.41
460,2025-07-24,221000,225500,214500,217500,1417925,-2.027027027027027,-9368302000.0,-2394551500.0,-3894076750.0,15656930250.0,4.57,0.53,5.52
461,2025-07-25,215000,221000,214000,216500,665815,-0.45977011494252873,-812832750.0,1387586500.0,7103888000.0,-7678641750.0,4.55,0.52,5.54
462,2025-07-28,221500,222500,216000,218500,692799,0.9237875288683602,17821570000.0,-1491174500.0,33072589500.0,-49402985000.0,4.59,0.53,5.49
463,2025-07-29,217500,218500,214000,218000,646415,-0.2288329519450801,4555859500.0,486760250.0,46804513750.0,-51847133500.0,4.58,0.53,5.5
464,2025-07-30,215500,228000,215500,223000,1239327,2.293577981651376,76798860500.0,486520000.0,-54145143250.0,-23140237250.0,4.68,0.54,5.38
465,2025-07-31,233000,233000,212000,213000,2956498,-4.484304932735426,-152016625000.0,15978901500.0,248080791750.0,-112043068250.0,4.47,0.52,5.63
466,2025-08-01,211000,215500,210000,210000,1083280,-1.4084507042253522,-1680410000.0,-4267645500.0,-34173849750.0,40121905250.0,4.41,0.51,5.71
467,2025-08-04,210000,212500,207000,211000,651682,0.4761904761904762,2318449500.0,-2210283250.0,-17451100500.0,17342934250.0,4.43,0.51,5.69
468,2025-08-05,213000,215000,209500,210500,480510,-0.23696682464454977,-10965226000.0,-675860500.0,13717697750.0,-2076611250.0,4.42,0.51,5.7
469,2025-08-06,209000,211500,208500,210500,385330,0.0,-7442425000.0,-475246500.0,6154565250.0,1763106250.0,4.42,0.51,5.7
470,2025-08-07,213500,215000,211000,212500,421547,0.9501187648456058,573634250.0,-1696237000.0,-2575623500.0,3698226250.0,4.46,0.51,5.65
471,2025-08-08,212500,214000,211500,212500,440664,0.0,-1524617500.0,-154789500.0,10235678750.0,-8556271750.0,4.46,0.51,5.65
472,2025-08-11,213000,213500,211500,212500,298656,0.0,-5998244750.0,-2109148250.0,-6699436750.0,14806829750.0,4.46,0.51,5.65
473,2025-08-12,212000,216000,211500,213000,347183,0.2352941176470588,3879992500.0,-976293750.0,-24075442000.0,21171743250.0,4.47,0.52,5.63
474,2025-08-13,215500,216000,214000,216000,377571,1.4084507042253522,1904640750.0,-285354750.0,-18621415750.0,17002129750.0,4.54,0.52,5.56
475,2025-08-14,216000,219000,216000,217500,546695,0.6944444444444444,17980824750.0,205987750.0,-34629523250.0,16442710750.0,4.57,0.53,5.52
476,2025-08-18,217500,218000,215000,216500,405813,-0.45977011494252873,4207131750.0,-258431750.0,-14934242750.0,10985542750.0,4.55,0.52,5.54
477,2025-08-19,216500,219000,215000,219000,442222,1.1547344110854503,8213950750.0,-909045250.0,-39311136500.0,32006231000.0,4.6,0.53,5.48
478,2025-08-20,218500,222000,217500,220500,784564,0.684931506849315,31293323750.0,-1924774000.0,-42965536000.0,13596986250.0,4.63,0.53,5.44
479,2025-08-21,221000,224500,220500,221500,601284,0.45351473922902497,4237748750.0,-435806000.0,-30456730000.0,26654787250.0,4.65,0.54,5.42
480,2025-08-22,222000,223500,219500,220000,401067,-0.6772009029345373,10703550000.0,250636500.0,-5402086250.0,-5552100250.0,4.62,0.53,5.45
481,2025-08-25,221500,222000,217500,222000,419600,0.9090909090909091,-1157740500.0,-623024000.0,-10265826750.0,12046591250.0,4.66,0.54,5.41
482,2025-08-26,220500,222000,217500,218500,806670,-1.5765765765765765,-2945493250.0,1516599250.0,19354022250.0,-17925128250.0,4.59,0.53,5.49
483,2025-08-27,219000,221000,218500,220000,337163,0.6864988558352403,9407572750.0,2080972750.0,-15896561500.0,4408016000.0,4.62,0.53,5.45
484,2025-08-28,218500,225000,218000,222000,734689,0.9090909090909091,14378012750.0,-4920151750.0,-69404704500.0,59946843500.0,4.66,0.54,5.41
